<?xml version="1.0" encoding="UTF-8"?>
<beans xmlns="http://www.springframework.org/schema/beans" xmlns:xsi="http://www.w3.org/2001/XMLSchema-instance"
    xmlns:util="http://www.springframework.org/schema/util"
    xmlns:context="http://www.springframework.org/schema/context"
    xmlns:jee="http://www.springframework.org/schema/jee"
    xmlns:aop="http://www.springframework.org/schema/aop"
    xsi:schemaLocation="http://www.springframework.org/schema/beans http://www.springframework.org/schema/beans/spring-beans.xsd
                        http://www.springframework.org/schema/context http://www.springframework.org/schema/context/spring-context.xsd
                        http://www.springframework.org/schema/util http://www.springframework.org/schema/util/spring-util.xsd">


    <!-- M.M. All execution contexts are derived from this. -->
    <bean id="pager.execContext" name="pager.execContext" class="org.xmlactions.pager.context.SessionExecContext" scope="session">
        <qualifier value="pager.execContext"/>
        <constructor-arg>
            <!-- "actionMaps" -->
            <list>
				<!-- These are included with the axelframwork.jar -->
                <util:properties location="classpath:config/pager/actions.properties" />
            </list>
        </constructor-arg>

        <!-- "localMaps" additional configuration properties may be added here -->
        <!-- 
        <constructor-arg>
            <list>
                <util:properties location="classpath:config/project/web.properties" />
            </list>
        </constructor-arg>
         -->
    </bean>
  
</beans>